NCR = "countries/NCR - New California Republic.txt"
COW = "countries/COW - Cowboy Country.txt"
DEA = "countries/DEA - Dead Horses.txt"
CES = "countries/CES - Caesar's Legion.txt"
DRE = "countries/DRE - Dredgers.txt"
PMR = "countries/PMR - Port Maw.txt"
SHO = "countries/SHO - Shoshone Nation.txt"
HAI = "countries/HAI - Haida Confederation.txt"
TAR = "countries/TAR - Tar Walkers.txt"
DES = "countries/DES - Desert Rangers.txt"
KHA = "countries/KHA - Great Khans.txt"
HOP = "countries/HOP - Hopeville.txt"
BRK = "countries/BRK - Broken Coast.txt"
RBD = "countries/RBD - Baudelio Ranchers.txt"
BEL = "countries/BEL - Bellingham.txt"
VIC = "countries/VIC - New Victoria.txt"
BDT = "countries/BDT - Bone Dancer.txt"
PHA = "countries/PHA - Pharohs.txt"
PEC = "countries/PEC - Pecos Colony.txt"
ARR = "countries/ARR - Arroyo.txt"
WBH = "countries/WBH - Washington Brotherhood.txt"
YMP = "countries/YMP - Yampa.txt"
UMB = "countries/UMB - Umbra.txt"
EHT = "countries/EHT - Eighties.txt"
BVC = "countries/BVC - Valle Bandits.txt"
HGH = "countries/HGH - High Chapel.txt"
MOJ = "countries/MOJ - Mojave Chapter.txt"
MRA = "countries/MRA - Mojave Raiders.txt"
TWI = "countries/TWI - Twisted Hairs.txt"
NCN = "countries/NCN - New Canaanites.txt"
YAK = "countries/YAK - Yakama Nation.txt"
TOC = "countries/TOC - The Old Country.txt"
KLA = "countries/KLA - Klameth.txt"
TWO = "countries/TWO - Two Sun.txt"
BOS = "countries/BOS - Brotherhood.txt"
ISN = "countries/ISN - Issaquah Nation.txt"
FRI = "countries/FRI - Frisco City.txt"
CYC = "countries/CYC - Cyclops Tribe.txt"
MUR = "countries/MUR - Murtaugh.txt"
GRA = "countries/GRA - Grabber Territory.txt"
SOR = "countries/SOR - Sorrows.txt"
TOB = "countries/TOB - The Old Bones.txt"
HAN = "countries/HAN - Hangdogs.txt"
LGS = "countries/LGS - Las Granjas.txt"
PNT = "countries/PNT - Painted Men.txt"
BPT = "countries/BPT - Bone Picker.txt"
FOR = "countries/FOR - Foragers.txt"
NAV = "countries/NAV - Navajo Nation.txt"
WHT = "countries/WHT - White Legs.txt"
BLP = "countries/BLP - Paz Bandits.txt"
RAP = "countries/RAP - The Rapids.txt"
EAS = "countries/EAS - Eastport.txt"
TLO = "countries/TLO - Tierra.txt"
TTM = "countries/TTM - Twin Mothers.txt"
SCO = "countries/SCO - Scorpions Bite.txt"
MDT = "countries/MDT - Marrow Drinkers.txt"
CHE = "countries/CHE - Chemult Station.txt"
ANT = "countries/ANT - Antelope Tribe.txt"
CLI = "countries/CLI - Clitton.txt"
HAM = "countries/HAM - New Hammond.txt"
CRZ = "countries/CRZ - Crazy Horns.txt"
TON = "countries/TON - Tohono Nation.txt"
TCA = "countries/TCA - The Cause.txt"
VEG = "countries/VEG - Vegas.txt"
NEW = "countries/NEW - New Reno.txt"
YKZ = "countries/YKZ - Yakuza Territory.txt"
JAC = "countries/JAC - Jackles.txt"
SHI = "countries/SHI - Shi.txt"
TRL = "countries/TRL - Troll Warren.txt"
RIP = "countries/RIP - Riperult Territory.txt"
SKY = "countries/SKY - Sky Reavers.txt"
IRN = "countries/IRN - IronAlliance.txt"
THO = "countries/THO - Mount Thorn.txt"
RED = "countries/RED - Red Canyon.txt"
PAL = "countries/PAL - Pale Folk.txt"
RUB = "countries/RUB - Ruby Valley Refuge.txt"
DAM = "countries/DAM - Dam Busters.txt"
DEL = "countries/DEL - Delta.txt"
VLT = "countries/VLT - Vault City.txt"
LON = "countries/LON - Lonetree.txt"
VIP = "countries/VIP - Vipers.txt"
IRE = "countries/IRE - Ires.txt"
MLT = "countries/MLT - Mirelurk Tribe.txt"
UIN = "countries/UIN - Uintah.txt"
FIE = "countries/FIE - The Fiends.txt"
RBT = "countries/RBT - Rib Breakers.txt"
GDH = "countries/GDH - Gente.txt"
ASH = "countries/ASH - Ashton.txt"
SCR = "countries/SCR - Scorpions.txt"
COL = "countries/COL - Colorado State.txt"
ARZ = "countries/ARZ - Arizona State.txt"
NMS = "countries/NMS - New Mexico State.txt"
BJS = "countries/BJS - Baja State.txt"
ENC = "countries/ENC - Western Enclave.txt"
BAR = "countries/BAR - Baron's Republic.txt"
BON = "countries/BON - Boneyard State.txt"
BOM = "countries/BOM - Brotherhood of Mars.txt"
THR = "countries/THR - Thradd's Legion.txt"
PET = "countries/PET - Petro Chico.txt"
FFI = "countries/FFI - Freedom Fighters.txt"
CIR = "countries/CIR - Chichen Itza.txt"
TVR = "countries/TVR - The Viceroyalty.txt"
RRG = "countries/RRG - Rio Grande Republic.txt"
TLA = "countries/TLA - Tlaloc.txt"
SIN = "countries/SIN - Sinaloa Cartel.txt"
BLO = "countries/BLO - Beltran-Leyva.txt"
ARM = "countries/ARM - Army of Mexico.txt"
ATE = "countries/ATE - Aztec Empire.txt"
WHI = "countries/WHI - Whistler Nomads.txt"
KAM = "countries/KAM - Kamlo Survivalists.txt"
HEA = "countries/HEA - Heaven's Gate.txt"
WHD = "countries/WHD - Withered Dogs.txt"
UFO = "countries/UFO - Zetans.txt"
BOO = "countries/BOO - Boomers.txt"
BLK = "countries/BLK - Blackfoot.txt"
HUA = "countries/HUA - Hualapai.txt"
PHR = "countries/PHR - Phoenix Republic.txt"
TSI = "countries/TSI - Ten Signs.txt"
WAP = "countries/WAP - Western Apache.txt"
FLA = "countries/FLA - Flagstaff.txt"
MES = "countries/MES - Mescalero Nation.txt"
RSR = "countries/RSR - Red Sun Republic.txt"
JIC = "countries/JIC - Jicarilla.txt"
BSU = "countries/BSU - Black Sun.txt"
SUF = "countries/SUF - Summers Federation.txt"
RDD = "countries/RDD - Redding.txt"
MTR = "countries/MTR - Mojave Territories.txt"
DAY = "countries/DAY - Dayglow.txt"
DIA = "countries/DIA - Diablo.txt"
SAR = "countries/SAR - Santa Rosa.txt"