l_english:
 # Strategic Regions
 TR_COLUMBIA: "Northeast Columbia"
 TL_COLUMBIA: "Northwest Columbia"
 BR_COLUMBIA: "South Columbia"
 BL_COLUMBIA: "Vancouver Island"
 TLL_COLUMBIA: "Graham Island"
 
 L_WASHINGTON: "West Washington"
 C_WASHINGTON: "Central Washington"
 R_WASHINGTON: "East Washington"
 
 L_OREGON: "West Oregon"
 B_OREGON: "South Oregon"
 T_OREGON: "North Oregon"
 
 TL_IDAHO: "North Idaho"
 BL_IDAHO: "Southwest Idaho"
 B_IDAHO: "South Idaho"
 R_IDAHO: "East Idaho"
 
 T_UTAH: "North Utah"
 L_UTAH: "West Utah"
 R_UTAH: "East Utah"
 BL_UTAH: "Southwest Utah"
 BR_UTAH: "Southeast Utah"
 
 L_COLORADO: "West Colorado"
 C_COLORADO: "Central Colorado"
 R_COLORADO: "East Colorado"
 BC_COLORADO: "South Colorado"
 
 T_NEW_MEXICO: "North New Mexico"
 C_NEW_MEXICO: "Central New Mexico"
 R_NEW_MEXICO: "East New Mexico"
 L_NEW_MEXICO: "West New Mexico"
 
 L_MEXICO: "North Sonora"
 BL_MEXICO: "South Sonora"
 C_MEXICO: "North Chihuahua"
 R_MEXICO: "North Coahuila"
 S_MEXICO: "Sinola"
 J_MEXICO: "Jalisco"
 H_MEXICO: "Veracruz"
 D_MEXICO: "Durango"
 T_MEXICO: "Tamaulipas"
 SA_MEXICO: "San Luis Potosí"
 Y_MEXICO: "Yucatán"
 N_MEXICO: "Nayarit"
 G_MEXICO: "Guanajuanto"
 SC_MEXICO: "South Coahuila"
 NU_MEXICO: "Nuevo León"
 SOC_MEXICO: "South Chihuahua"
 
 S_CALIFORNIA: "South California"
 BL_CALIFORNIA: "Southwest California"
 BR_CALIFORNIA: "East California"
 TR_CALIFORNIA: "Northeast California"
 TL_CALIFORNIA: "Northwest California"
 
 L_NEVADA: "West Nevada"
 R_NEVADA: "East Nevada"
 B_NEVADA: "South Nevada"
 T_NEVADA: "North Nevada"
 
 TR_ARIZONA: "Northeast Arizona"
 TL_ARIZONA: "Northwest Arizona"
 BR_ARIZONA: "East Arizona"
 BL_ARIZONA: "West Arizona"
 B_ARIZONA: "South Arizona"

 NEWFOUNDLAND: "Newfoundland"

 NEW_ORLEANS: "New Orleans"
 TEXAN_BORDER: "Texan Border"
 BRAXOS_CORRIDOR: "Braxos Corridor"
 NORTH_TEXAS: "North Texas"

 UNKNOWN_1: "UNKNOWN 1"
 UNKNOWN_2: "UNKNOWN 2"

 GREATER_YELLOWSTONE: "Greater Yellowstone"

 
 T_LAS_VEGAS: "North Vegas"
 B_LAS_VEGAS: "South Vegas"
 
 BAJA_CALIFORNIA: "Baja California"
 
 REGION_1: "The Forbidden Zone"
 
 BAJA_CALIFORNIA_SEA: "Gulf of California"
 SOUTH_WEST_COAST_SEA: "American Coast"
 NORTH_WEST_COAST_SEA: "Canadian Coast"
 SOUTH_PACIFIC_OCEAN: "South Pacific"
 NORTH_PACIFIC_OCEAN: "North Pacific"
 HAWAII_SEA: "Hawaiian Coast"
 GULF_OF_MEXICO: "Gulf of Mexico"
 CARIBBEAN_SEA: "Caribbean Sea"
 SOUTH_EAST_COAST_SEA: "Southern Atlantic Coast"
 NORTH_EAST_COAST_SEA: "Northern Atlantic Coast"
 GULF_OF_SAINT_LAWRENCE: "Gulf of St. Lawrence"
 NORTH_ATLANTIC_OCEAN: "North Atlantic"
 SOUTH_ATLANTIC_OCEAN: "South Atlantic"
 LABRADOR_SEA: "Labrador Sea"
 BERMUDA_RISE: "Bermuda Sea"
 SOUTH_AMERICAN_APPROACH: "South American Approach"
 ALASKAN_APPROACH: "Alaskan Approach"
 
 CALIFORNIA_RIVER_NORTH: "Sacramento Estuary"
 CALIFORNIA_RIVER_SOUTH: "San Joaquin Estuary"
 
 MEXICO_ARIZONA_RIVER_SOUTH: "Gila Estuary"
 MEXICO_RIVER_WEST: "Lower Rio Grande"
 MEXICO_TEXAS_RIVER: "Lower Pecos"
 NEW_MEXICO_RIVER_CENTRAL: "Upper Pecos"
 NEW_MEXICO_ARIZONA_RIVER: "Upper Rio Grande"
 TEXAS_RIVER_1: "West Braxos Tributary"
 TEXAS_RIVER_2: "Braxos Estuary"
 TEXAS_RIVER_3: "East Braxos Tributary"
 GULF_RIVER_1: "Mississippi"
 TEXAS_NEW_MEXICO_RIVER_1: "Canadian Tributary"
 COLORADO_RIVER_LOWER: "Lower Colorado"
 COLORADO_RIVER_UPPER: "Upper Colorado"
 COLORADO_NEW_MEXICO_RIVER: "Arkansas Tributary"
 COLORADO_WYOMING_RIVER: "Platte Tributary"
 UTAH_RIVER: "Great Salt Lake"
 IDAHO_WEST_RIVER: "West Yellowstone Tributary"
 IDAHO_EAST_RIVER: "East Yellowstone Tributary"
 OREGON_WEST_RIVER: "Snake Tributary"
 OREGON_EAST_RIVER: "Columbia Estuary"
 WASHINGTON_RIVER: "Lower Columbia River"
 COLUMBIA_SOUTHWEST_RIVER: "Central Columbia River"
 COLUMBIA_NORTHEAST_RIVER: "Upper Columbia River"
 
 # Not important
 MEXICO_RIVER_INTERNAL: "Hexus"
 MEXICO_RIVER_SOUTHWEST_1: "Jexus"
 MEXICO_RIVER_SOUTHWEST_2: "Sexus"
 MEXICO_RIVER_SOUTHEAST: "Nexus"
 
 # Supply Areas
 
 # States
 # Add in once all are listed in loc_temp
 # Easier to see which haven't been done this way
 STATE_PUERTO_PENASCO: "Puerto Peñasco"
 STATE_SALTON_SEA: "Salton Sea"
 STATE_HOPEVILLE: "Hopeville"
 STATE_PEACH_SPRINGS: "Peach Springs"
 STATE_REDROCK: "Redrock"
 STATE_COLONET: "Colonet"
 STATE_HIDDEN_BUNKER: "Hidden Valley"
 STATE_NIPTON: "Nipton"
 STATE_DRY_WELLS: "Dry Wells"
 STATE_BITTER_SPRINGS: "Bitter Springs"
 STATE_NORTH_PASSAGE: "North Passage"
 STATE_VAULT_3: "Vault 3"
 STATE_THE_DEN: "The Den"
 STATE_TOMBSTONE: "Tombstone"
 STATE_GREATER_DAYGLOW_AREA: "Greater Dayglow"
 STATE_GECKO: "Gecko"
 STATE_LONG_15: "Long 15"
 STATE_LAGUNA_MOUNTAINS: "Northern Laguna Range"
 STATE_SILVER_CITY: "Silver City"
 STATE_BLACK_CANYON: "Black Canyon"
 STATE_MT_GRAHAM: "Mt. Graham"
 STATE_TEMPLE_OF_TRIALS: "Temple of Trials"
 STATE_LA_PAZ: "La Paz"
 STATE_AGUA_CALIENTE: "Agua Caliente"
 STATE_MODOC: "Modoc"
 STATE_LOS_ALGODONES: "Los Algodones"
 STATE_HACHITA_POINT: "Hachita Point"
 STATE_HOPI: "Hopi"
 STATE_SACREMENTO: "Sac-City"
 STATE_BAHI_ASUNCION: "Bahi Asuncion"
 STATE_REDDING: "Redding"
 STATE_PINACATE: "Pinacate"
 STATE_CHEMEHUEVI: "Chemehuevi"
 STATE_WOODLAKE: "Woodlake"
 STATE_NELLIS_AFB: "Nellis AFB"
 STATE_LOST_HILLS_BUNKER: "Lost Hills Bunker"
 STATE_VALLE_DE_LOS_CIRIOS: "Valle de los Cirios"
 STATE_SAN_FRANCISCO: "San Francisco"
 STATE_PAYMASTER_LANDING: "Paymaster Landing"
 STATE_EL_MARRON: "El Marron"
 STATE_GRAY_MOUNTAIN: "Gray Mountain"
 STATE_LA_YAQUI: "La Yaqui"
 STATE_NOVAC: "Novac"
 STATE_HAYFIELD: "Hayfield"
 STATE_SEARCHLIGHT: "Searchlight"
 STATE_MESA: "Mesa"
 STATE_BROKEN_HILLS: "Broken Hills"
 STATE_NEW_VEGAS: "New Vegas"
 STATE_SWIFTFOOT_TRIBELANDS: "Swiftfoot"
 STATE_APACHE_TRIBELANDS: "Apache"
 STATE_THE_PASS: "The Pass"
 STATE_BLACKFOOT_TRIBELANDS: "Blackfoot"
 STATE_GANADO: "Ganado"
 STATE_HILLTOP: "Hilltop"
 STATE_HORNPEAK: "Hornpeak"
 STATE_HOOVER_DAM: "Hoover Dam"
 STATE_SHADY_SANDS: "Shady Sands"
 STATE_COTTONWOOD_COVE: "Cottonwood Cove"
 STATE_10-SIGNS: "10-Signs"
 STATE_GALLUP: "Gallup"
 STATE_TUMBLEHOME: "Tumblehome"
 STATE_NEW_RENO: "New Reno"
 STATE_THREE-ROADS: "Three-Roads"
 STATE_VAULT_CITY: "Vault City"
 STATE_PALM_SPRINGS: "Palm Springs"
 STATE_RANDSBURG: "Randsburg"
 STATE_GOLGOTHA: "Golgotha"
 STATE_BEARS_FLAT_TRIBELANDS: "Bears Flat"
 STATE_JACOBSTOWN: "Jacobstown"
 STATE_KINGMAN: "Kingman"
 STATE_TONTO_TRIBELANDS: "Tonto"
 STATE_GUAYCURA: "Guaycura"
 STATE_SAGUARO: "Saguaro"
 STATE_ORO_VALLEY: "Oro Valley"
 STATE_RUBY_HILL: "Ruby Hill"
 STATE_PRESCOTT_TRIBELANDS: "Prescott"
 STATE_FORTIFICATION_HILL: "Fortification Hill"
 STATE_HIDEBARK_TRIBELANDS: "Hidebark"
 STATE_POSTON: "Poston"
 STATE_SONORAN: "Sonoran"
 STATE_PHREYS_PEAK: "Phrey's Peak"
 STATE_GILA: "Gila"
 STATE_WHITE_SANDS: "White Sands"
 STATE_QUERNADO: "Quernado"
 STATE_HELIOS_ONE: "Helios One"
 STATE_PRIMM: "Primm"
 STATE_CIBECUE: "Cibecue"
 STATE_NEEDLES: "Needles"
 STATE_FREDONIAN_TRIBELANDS: "Fredonian"
 STATE_SANDPOINT_TRIBELANDS: "Sandpoint"
 STATE_KLAMATH: "Klamath"
 STATE_VALLEY_OF_THE_NAMES: "Valley of the Names"
 STATE_SANTA_ROSALIA: "Santa Rosalia"
 STATE_BLUEFATHER_TRIBELANDS: "Bluefather"
 STATE_COCONINO: "Coconino"
 STATE_BLYTHE: "Blythe"
 STATE_ZUNI: "Zuni"
 STATE_SALT-BEARER_TRIBELANDS: "Salt-Bearer"
 STATE_TWO_SUN: "Two Sun"
 STATE_YUMA: "Yuma"
 STATE_NORTH_PHOENIX: "North Phoenix"
 STATE_SOUTH_PHOENIX: "South Phoenix"
 STATE_FLAGSTAFF: "Flagstaff"
 STATE_RED_SUN_CITY: "Red Sun City"
 STATE_NELSON: "Nelson"
 STATE_EL_MALPAIS: "El Malpais"
 STATE_NAVARRO: "Navarro"
 STATE_GOODSPRINGS: "Goodsprings"
 STATE_BLACK_MOUNTAIN: "Black Mountain"
 STATE_RED_SUN_TRIBELANDS: "Old Sun"
 STATE_WUPATKI: "Wupatki"
 STATE_OCOTILLO: "Ocotillo"
 STATE_STABLES: "Stables"
 STATE_NOGALES: "Nogales"
 STATE_DANA_POINT: "Dana Point"
 STATE_ASHTON: "Ashton"
 STATE_GOLDEN_VALLEY: "Golden Valley"
 STATE_NOSEBREAKER_TRIBELANDS: "Nosebreaker"
 STATE_WIKIEUP: "Wikieup"
 STATE_BOULDER_CITY: "Boulder City"
 STATE_WINGSON: "Wingson"
 STATE_GAUDALUPE_PEAK: "Gaudalupe Peak"
 STATE_HOLLOMAN: "Holloman"
 STATE_LONGKNIFE: "Longknife"
 STATE_EDGEWOOD: "Edgewood"
 STATE_ROSSWELL_RUINS: "Rosswell Ruins"
 STATE_CLAUNCH: "Claunch"
 STATE_SUN_DOG: "Sun Dog"
 STATE_BERNALILLO: "Bernalillo"
 STATE_MONAHAMS: "Monahams"
 STATE_FROGMEN: "Frogmen"
 STATE_PLAINSRUNNERS: "Plainsrunners"
 STATE_60-SIGNS: "60-Signs"
 STATE_FORT_CLOVIS: "Fort Clovis"
 STATE_FORT_SUMMERS: "Fort Summers"
 STATE_SHOETAKERS: "Shoetakers"
 STATE_TUCUMACRI: "Tucumacri"
 STATE_OLD_VEGAS: "Old Vegas"
 STATE_MORA: "Mora"
 STATE_WHEELBREAKERS: "Wheelbreakers"
 STATE_BELLS_RANCH: "Bells Ranch"
 STATE_LOGANS-FALL: "Logans-Fall"
 STATE_BLACKSUN: "Blacksun"
 STATE_NINEFINGERS: "Ninefingers"
 STATE_SKINWALKERS: "Skinwalkers"
 STATE_TAOS_RUINS: "Taos Ruins"
 STATE_SUN_LUIS_VALLEY: "Sun Luis Valley"
 STATE_BASTION: "Bastion"
 STATE_STEMLORD: "Stemlord"
 STATE_ULTIMO: "Ultimo"
 STATE_PLANTA_GRUPO: "Planta Grupo"
 STATE_PUERTO_LIBERTAD: "Puerto Libertad"
 STATE_HERMOSILLO: "Hermosillo"
 STATE_ESTACION: "Estación"
 STATE_OPUTO: "Oputo"
 STATE_GENTE_CITY: "Gente City"
 STATE_HUACHINERA: "Huachinera"
 STATE_CAJON_DEL_DIABLO: "Cajon del Diablo"
 STATE_SUAQUI_GRANDE: "Suaquai Grande"
 STATE_TIERRA_CITY: "Tierra City"
 STATE_BACERAC: "Bacerac"
 STATE_NIXSON: "Nixon"
 STATE_CORRALITOS: "Corralitos"
 STATE_LOS_BAJIOS: "Los Bajios"
 STATE_NUEVO_GALEANA: "Nueveo Galeana"
 STATE_EL_TERRERO: "El Terrero"
 STATE_LOS_LAMENTOS: "Los Lamentos"
 STATE_EL_MEZQUITE: "El Mezquite"
 STATE_BENITO_JUAREZ: "Benito Juárez"
 STATE_JAGUEYES: "Jagueyes"
 STATE_LA_JUNTA: "La Junta"
 STATE_CIUDAD_CUAUHTEMOC: "Ciudad Cuauhtemoc"
 STATE_VALLE_DE_ZARAGOZA: "Valle de Zaragoza"
 STATE_CHIHUAHUA: "Chihuahua"
 STATE_OJINAGA: "Ojinaga"
 STATE_TABALOAPA: "Tabaloapa"
 STATE_VAN_HORN: "Van Horn"
 STATE_TERLINGUA: "Terlingua"
 STATE_PECOS: "Pecos"
 STATE_FORT_STOCKTON: "Fort Stockton"
 STATE_TWIN_FALLS: "Twin Falls"
 STATE_CADDOA: "Caddoa"
 STATE_VILLEGREEN: "Villegreen"
 STATE_WALSH: "Walsh"
 STATE_MARS_VALLEY: "Mars Valley"
 STATE_THE_JUNCTION: "The Junction"
 STATE_WARLAND: "Warland"
 STATE_NEW_STERLING: "New Sterling"
 STATE_PEETZ: "Peetz"
 STATE_HOLYOKE: "Holyoke"
 STATE_PUEBLO_CITY: "Pueblo City"
 STATE_CROWS_LAND: "Crows Land"
 STATE_BULLDOG_VALLEY: "Bulldog Valley"
 STATE_FAIRPLAY: "Fairplay"
 STATE_COLORADO_SPRINGS: "Colorado Springs"
 STATE_WIGWAM: "Wigwam"
 STATE_CASTLE_ROCK: "Castle Rock"
 STATE_KIOWA: "Kiowa"
 STATE_SCRAGGY_PEAK: "Scraggy Peak"
 STATE_BOULDER: "Boulder"
 STATE_FORT_LUPTON: "Fort Lupton"
 STATE_LAST_HOUND: "Last Hound"
 STATE_FORT_COLLINS: "Fort Collins"
 STATE_LARAMIE: "Laramie"
 STATE_RED_MOUNTAIN: "Red Mountain"
 STATE_HOUNDLANDS: "Houndlands"
 STATE_RAYMER: "Raymer"
 STATE_AVALO: "Avalo"
 STATE_WILCOX: "Wilcox"
 STATE_SARATOGA: "Saratoga"
 STATE_LEOSTAND: "Leostand"
 STATE_CASPER_MOUNTAIN: "Casper Mountain"
 STATE_DOG_CITY: "Dog City"
 STATE_RED_MESA: "Red Mesa"
 STATE_SAN_LUIS_VALLEY: "San Luis Valley"
 STATE_LAMAR: "Lamar"
 STATE_SLOAN: "Sloan"
 STATE_ROUTE_95: "Route 95"
 STATE_WILLOW_BEACH: "Willow Beach"
 STATE_BONELLI_LANDING: "Bonelli Landing"
 STATE_DINOSAUR_CAVERNS: "Dinosaur Caverns"
 STATE_STORM_CREEK: "Storm Creek"
 STATE_NEW_CORTEZ: "New Cortez"
 STATE_DOVE_CREEK: "Dove Creek"
 STATE_ABAJO_MOUNTAINS: "Abajo Mountains"
 STATE_MOAB: "Moab"
 STATE_OLD_RIFLE: "Old Rifle"
 STATE_ROAN_PLATEAU: "Roan Plateau"
 STATE_MEEKER: "Meeker"
 STATE_MARBLE_CANYON: "Marble Canyon"
 STATE_PAINTED_DESERT: "Painted Desert"
 STATE_PAGE: "Page"
 STATE_PAINTED_PEAK: "Painted Peak"
 STATE_CHINLE: "Chinle"
 STATE_BLOOMFIELDS: "Bloomfields"
 STATE_CHACO_MESA: "Chaco Mesa"
 STATE_TIERRA_AMARILLA: "Tierra Amarilla"
 STATE_OLD_CORTEZ: "Old Cortez"
 STATE_NEW_NAVAJO: "New Navajo"
 STATE_PAGOSA_SPRINGS: "Pagosa Springs"
 STATE_DEL_NORTE: "Del Norte"
 STATE_SAN_JUAN_MOUNTAINS: "San Juan Mountains"
 STATE_GEORGES_TOWN: "George's Town"
 STATE_VAILS_REACH: "Vail's Reach"
 STATE_LEADVILLE: "Leadville"
 STATE_GORE_RANGE: "Gore Range"
 STATE_SALIDA: "Salida"
 STATE_LA_GARITA: "La Garita"
 STATE_SAWATCH_RANGE: "Sawatch Range"
 STATE_EAGLE_PASS: "Eagle Pass"
 STATE_GLENWOOD_SPRINGS: "Glenwood Springs"
 STATE_NEW_MONTROSE: "New Montrose"
 STATE_EAGLE_MOUNTAIN: "Eagle Mountain"
 STATE_PALM_GARDENS: "Palm Gardens"
 STATE_CIMA: "Cima"
 STATE_KINGSTON_RANGE: "Kingston Range"
 STATE_RENOVILLE: "Renoville"
 STATE_BAKER: "Baker"
 STATE_LANDERS: "Landers"
 STATE_MOJAVE_BASE: "Mojave Base"
 STATE_BARSTOW: "Barstow"
 STATE_AREA_6: "Area 6"
 STATE_COYOTE_SPRINGS: "Coyote Springs"
 STATE_DESERT_PASS: "Desert Pass"
 STATE_CRYSTAL_SPRINGS: "Crystal Springs"
 STATE_AREA_51: "Area 51"
 STATE_SORROW_RIDGE: "Sorrow Ridge"
 STATE_CEDAR: "Cedar"
 STATE_MOUNT_DUTTON: "Mount Dutton"
 STATE_BLUE_BELL_KNOLL: "Blue Bell Knoll"
 STATE_MOUNT_DELANO: "Mount Delano"
 STATE_JUNCTION_RANGE: "Junction Range"
 STATE_LOA_RANGE: "Loa Range"
 STATE_MOUNT_CATHERINE: "Mount Catherine"
 STATE_MOUNT_ELLEN: "Mount Ellen"
 STATE_SOUTH_TENT: "South Tent"
 STATE_BRUIN_POINT: "Bruin Point"
 STATE_ROAN_PLATEAU: "Roan Plateau"
 STATE_TAVAPUTS: "Tevaputs"
 STATE_UINTA_MOUNTAINS: "Uinta Mountains"
 STATE_ZION_MOUNTAIN: "Zion Mountain"
 STATE_TEMPLE_MOUNT: "Temple Mount"
 STATE_LOGAN_ROCK: "Logan Rock"
 STATE_GROUSE: "Grouse"
 STATE_DEEP_CREEK: "Deep Creek"
 STATE_DELTA_RIDGE: "Delta Ridge"
 STATE_NEVADA_RANGE: "Nevada Range"
 STATE_BEAVER: "Beaver"
 STATE_DELTA: "Delta"
 STATE_BALDY_PEAK: "Baldy Peak"
 STATE_GALLO_MOUNTAINS: "Gallo Mountains"
 STATE_BLACK_RANGE: "Black Range"
 STATE_LOS_ALAMOS: "Los Alamos"
 STATE_TRUCHAS_PEAK: "Truchas Peak"
 STATE_SANGRE_DE_CRISTO: "Sangre de Cristo"
 STATE_WESTCLIFFE: "Westcliffe"
 STATE_GUNNISON: "Gunnison"
 STATE_UNCOMPAHGRE: "Uncompahgre"
 STATE_MOUNT_WILSON: "Mount Wilson"
 STATE_SILVERTON: "Silverton"
 STATE_ALAMOSA: "Alamosa"
 STATE_HOLY_CROSS: "Holy Cross"
 STATE_MOUNT_POWELL: "Mount Powell"
 STATE_CRYSTAL_DAGGERS: "Crystal Daggers"
 STATE_MANITOU_SPAINGS: "Manitou Spaings"
 STATE_MEDICINE_BOW: "Medicine Bow"
 STATE_YAMPA_SPINE: "Yampa Spine"
 STATE_ELKHEAD: "Elkhead"
 STATE_MEEKEND: "Meekend"
 STATE_WALDEN: "Walden"
 STATE_SULPHUR_SPRINGS: "Sulphur Springs"
 STATE_WILLIAMS: "Williams"
 STATE_NARROW: "Narrow"
 STATE_STEAMBOAT_SPRINGS: "Steamboat Springs"
 STATE_YAMPA: "Yampa"
 STATE_CRAIG: "Criag"
 STATE_MEEKER: "Meeker"
 STATE_LITTLE_SNAKE: "Little Snake"
 STATE_WHITE_PLAIN: "White Plain"
 STATE_ROCKY_PLAIN: "Rocky Plain"
 STATE_SOUTHERN_LAGUNA_RANGE: "Southern Laguna Range"
 STATE_PUERTECITOS: "Puertecitos"
 STATE_PANGUITCH: "Panguitch"
 STATE_PAROWAN: "Parowan"
 STATE_SORROW_SEVIER: "Sorrow Sevier"
 STATE_VERMILLION_CLIFFS: "Vermillion Cliffs"
 STATE_KAIPAROWITS: "Kaiparowits"
 STATE_BATNEY: "Batney"
 STATE_ESCALANTE: "Escalante"
 STATE_KANAB: "Kanab"
 STATE_HURRICANE: "Hurricane"
 STATE_FORT_PIERCE: "Fort Pierce"
 STATE_GRAND_WASH: "Grand Wash"
 STATE_ST_GEORGE: "St. George"
 STATE_ESCALANTE_DESERT: "Escalante Desert"
 STATE_FRISCO_CITY: "Frisco City"
 STATE_INDIAN_PEAK: "Indian Peak"
 STATE_LINCOLN: "Lincoln"
 STATE_MEADOW_VALLEY: "Meadow Valley"
 STATE_CRICKET_MOUNTAINS: "Cricket Mountains"
 STATE_SEVIER_PLAIN: "Sevier Plain"
 STATE_BEAVER_RUINS: "Beaver Ruins"
 STATE_JUNCTION: "Junction"
 STATE_OTTER_CREEK: "Otter Creek"
 STATE_LOA: "Loa"
 STATE_RED_HENRY: "Red Henry"
 STATE_ELLEN_WASTES: "Ellen Wastes"
 STATE_LAST_CHANCE: "Last Chance"
 STATE_CASTLE_DALE: "Castle Dale"
 STATE_PRICE: "Price"
 STATE_MANTI_RUINS: "Manti Ruins"
 STATE_NEW_NEPHI: "New Nephi"
 STATE_PAYSON: "Payson"
 STATE_FARFIELD: "Farfield"
 STATE_GLEN_CANYON: "Glen Canyon"
 STATE_UT-95: "UT-95"
 STATE_HANKSVILLE: "Hanksville"
 STATE_EAST_CARBON: "East Carbon"
 STATE_NINE_MILE_RANCH: "Nine Mile Ranch"
 STATE_ALTONAH: "Altonah"
 STATE_WILD_MOUNTAIN: "Wild Mountain"
 STATE_POVO: "Povo"
 STATE_NEW_JERUSALEM: "New Jerusalem"
 STATE_TOOELE: "Tooele"
 STATE_NEW_CANAAN: "New Canaan"
 STATE_OLD_BRIGHAM: "Old Brigham"
 STATE_RANDOLPH: "Randolph"
 STATE_COALVILLE: "Coalville"
 STATE_EVANSTON: "Evanston"
 STATE_GREEN_RIVER: "Green River"
 STATE_SMOOT: "Smoot"
 STATE_JACKSON: "Jackson"
 STATE_SODA_SPRINGS: "Soda Springs"
 STATE_IDAHO_FALLS: "Idaho Falls"
 STATE_POCATELLO: "Pocatello"
 STATE_IDAHOME: "Idahome"
 STATE_BURLEY: "Burley"
 STATE_MURTAUGH: "Murtaugh"
 STATE_TWIN_FALLS: "Twin Falls"
 STATE_BOISE_RUINS: "Boise Ruins"
 STATE_MONTELLO: "Montello"
 STATE_ETNA: "Etna"
 STATE_LUCIN: "Lucin"
 STATE_KELTON: "Kelton"
 STATE_NORTH_ELDER_DESERT: "North Elder Desert"
 STATE_SOUTH_ELDER_DESERT: "South Elder Desert"
 STATE_ARAGONITE: "Aragonite"
 STATE_OASIS: "Oasis"
 STATE_WENDOVER: "Wendover"
 STATE_GOLD_HILL: "Gold Hill"
 STATE_PARTOUN: "Partoun"
 STATE_JERICHO: "Jericho"
 STATE_GARRISON: "Garrison"
 STATE_SWASEY_WASTELAND: "Swasey Wasteland"
 STATE_BLOODY_SALTS: "Bloody Salts"
 STATE_DEAD_HORSE_POINT: "Dead Horse Point"
 STATE_RUBY_VALLEY: "Ruby Valley"
 STATE_MCGILL: "McGill"
 STATE_LUND: "Lund"
 STATE_ADAVEN: "Adaven"
 STATE_CITY_318: "City 318"
 STATE_DUCKWATER: "Duckwater"
 STATE_THE_RIDGE: "The Ridge"
 STATE_EUREKA: "Eureka"
 STATE_JIGGS: "Jiggs"
 STATE_CRESCENT_VALLEY: "Crescent Valley"
 STATE_CARLIN: "Carlin"
 STATE_BEOWAWE: "Beowawe"
 STATE_WINNEMUCCA: "Winnemucca"
 STATE_BATTLE_MOUNTAIN: "Battle Mountain"
 STATE_TEAKETTLE_JUNCTION: "Teakettle Junction"
 STATE_OLD_BISHOP: "Old Bishop"
 STATE_RACHEL: "Rachel"
 STATE_OUTPOST_QUINN: "Outpost Quinn"
 STATE_RANGER_CITADEL: "Ranger Citadel"
 STATE_BLOODY_SPRINGS: "Bloody Springs"
 STATE_OUTPOST_MESA: "Outpost Mesa"
 STATE_BENTON: "Benton"
 STATE_BRIDGEPORT: "Bridgeport"
 STATE_HAWTHORNE: "Hawthorne"
 STATE_GABBS: "Gabbs"
 STATE_CARSON_CITY: "Carson City"
 STATE_FALLON: "Fallon"
 STATE_TOBIN_WASTELAND: "Tobin Wasteland"
 STATE_MOUNT_JEFFERSON: "Mount Jefferson"
 STATE_VIPER_NEST: "Viper Nest"
 STATE_THE_305: "The 305"
 STATE_BATTLE_MOUNTAIN: "Battle Mountain"
 STATE_GOLCONDA: "Golconda"
 STATE_PARADISE_VALLEY: "Paradise Valley"
 STATE_RED_HOUSE: "Red House"
 STATE_KLONDEX: "Klondex"
 STATE_GOLDSTRIKE: "Goldstrike"
 STATE_ELKO: "Elko"
 STATE_TUSCARORA: "Tuscarora"
 STATE_CHARLESTONE: "Charlestone"
 STATE_MOUNTAIN_CITY: "Mountain City"
 STATE_DICKENS: "Dickens"
 STATE_DICKSHOOTER: "Dickshooter"
 STATE_MOUNTAIN_HOME_AFB: "Mountain Home AFB"
 STATE_IMLAY: "Imlay"
 STATE_NEW_RENO_OUTSKIRTS: "New Reno Outskirts"
 STATE_SIERRA_ARMY_DEPOT: "Sierra Army Depot"
 STATE_MODOC: "Modoc"
 STATE_AGUA_PRIETA: "Agua Prieta"
 STATE_DEEP_SPRINGS: "Deep Springs"
 STATE_WHITE_RANGE: "White Range"
 STATE_ILLUMINATED_PEAKS: "Illuminated Peaks"
 STATE_SUNNY_STONES: "Sunny Stones"
 STATE_GLOWING_HILLS: "Glowing Hills"
 STATE_NIXON: "Nixon"
 STATE_NANNIES: "Nannies"
 STATE_STAG: "Stag"
 STATE_DORRIS: "Dorris"
 STATE_ETNA: "Etna"
 STATE_MEDFORD: "Medford"
 STATE_LOVELOCK: "Lovelock"
 STATE_ZION: "Zion"
 STATE_BRYCE: "Bryce"
 STATE_BLACK_BUTTE: "Black Butte"
 

 # Eastern Canada
 STATE_KUNG: "Kung"
 STATE_GRAMSHAR: "Gramshar"
 STATE_MORES: "Mores"
 STATE_FROZEN_ISLES: "Frozen Isles"
 STATE_SKAGWAY: "Skagway"
 STATE_ATLIN_DEADLANDS: "Atlin Deadlands"
 STATE_HARTLEY_HAVEN: "Hartley Haven"
 STATE_OLD_REMO: "Old Remo"
 STATE_ARISTA_HARBOR: "Arista Harbor"
 STATE_KITESSING_TERRITORY: "Kitessing Territory"
 STATE_PITTS_COVE: "Pitts Cove"
 STATE_KLEMTU: "Klemtu"
 STATE_SMITHERS_LANDING: "Smithers Landing"
 STATE_PINK_MOUNTAIN: "Pink Mountain"
 STATE_HUDSONS_HOPE: "Hudson's Hope"
 STATE_FORT_NELSON: "Fort Nelson"
 STATE_CRYSDALE: "Crysdale"
 STATE_OLD_SHAFTSON: "Old Shaftson"
 STATE_MANSONS_LAND: "Manson's Land"
 STATE_GRAVEN_INLET: "Graven Inlet"
 STATE_DAWNSONS_LANDING: "Dawson's Landing"
 STATE_SILVERTHRONE: "Silverthrone"
 STATE_HANGMANS_SOUND: "Hangman's Sound"
 STATE_TWEEDSMUIR: "Tweedsmuir"
 STATE_PRINCE_GEORGE: "Prince George"
 STATE_HIXON: "Hixon"
 STATE_HIMATHKO_RANGE: "Himathko Range"
 STATE_SALTERY: "Saltery"
 STATE_TANTALUSS_PAIN: "Tantalus' Pain"
 STATE_EARLS_COVE: "Earl's Cove"
 STATE_SECHET: "Sechet"
 STATE_DAWSON_CREEK: "Dawnson Creek"
 STATE_TUMBLER_RIDGE: "Tumbler Ridge"
 STATE_VALEMOUNT_CACHE: "Valemount Cache"
 STATE_CLENDINN: "Clendinn"
 STATE_WHISTLER: "Whistler"
 STATE_ALVIN_BLEAK: "Alvin Bleak"
 STATE_WINTER_HARBOUR: "Winter Harbour"
 STATE_ATLUCK: "Atluck"
 STATE_ATLIN: "Atlin"
 STATE_GOLDEN_PEAKS: "Golden Peaks"
 STATE_ALBERNI: "Alberni"
 STATE_QUEEN_CHARLOTTE: "Queen Charlotte"
 STATE_NEW_VICTORIA: "New Victoria"
 STATE_NORTH_KOOVER: "North Koover"
 STATE_KOOVER: "Koover"
 STATE_VIDETTE: "Vidette"
 STATE_CLEARWATER: "Clearwater"
 STATE_RISKE: "Riske"
 STATE_EQUIDAE_BITE: "Equidae Bite"
 STATE_BARKERVILLE: "Barkerville"
 STATE_JESMOND: "Jesmond"
 STATE_KAMLO: "Kamlo"
 STATE_VAVENBY: "Vavenby"
 STATE_CHILLWA: "Chillwa"
 STATE_HELLS_GATE: "Hell's Gate"
 STATE_BELLINGHAM: "Bellingham"
 STATE_PRIESTFORD: "Priestford"
 STATE_SOLEIL_VALLEY: "Soleil Valley"
 STATE_REVELSTOKE: "Revelstoke"
 STATE_AINSWORTHY: "Ainsworthy"
 STATE_MACBRIDE: "Macbride"
# Washington State
 STATE_BEDAL: "Bedal"
 STATE_WENACHEE: "Wenachee"
 STATE_SOQUALMEE_PASSAGE: "Soqualmee Passage"
 STATE_WHITE_SPRAWL: "White Sprawl"
 STATE_RHOMBUS_ISLAND: "Rhombus Island"
 STATE_HADLOCK_IRONDALE: "Hadlock Irondale"
 STATE_KODIAK_BASE: "Kodiak Base"
 STATE_WAATCH_ENCLAVE: "Waatch Enclave"
 STATE_CASTLE_WILDLANDS: "Castle Wildlands"
 STATE_FORT_WILLIAMETTE: "Fort Williamette"
 STATE_ILLWICAN_STRETCH: "Illwican Stretch"
 STATE_NORTH_MAW: "North Maw"
 STATE_FORT_STEVENS: "Fort Stevens"
 STATE_MAW_OUTSKIRTS: "Maw Outskirts"
 STATE_BRIDGEEPOIN: "Bridgeepoin"
 STATE_THE_MAW: "The Maw"
 STATE_YAKAMA: "Yakama"
 STATE_EQUIDAE_SANCTUARY: "Equidae Sanctuary"
 STATE_VAULT_SIX: "Vault Six"
 STATE_THE_SOUND: "The Camp"
 STATE_BARVIEW: "Barview"
 STATE_CANNIBAL_TERRITORIES: "Cannibal Territories"
 STATE_SEATTLE_OUTSKIRTS: "Seattle Outskirts"
 STATE_CAPITOL_HILL: "Capitol Hill"
 STATE_PALISADES:0 "Palisades"
 STATE_PASCO_TOWNSHIP:0 "Pasco Township"
 STATE_ELECTRIC_CITY:0 "Electric City"
 STATE_FORT_SPOKANE:0 "Fort Spokane"
 STATE_DAVENPORT:0 "Davenport"
 STATE_JOSO:0 "Joso"
 STATE_HARRINGTON:0 "Harrington"
 STATE_SPOKANE:0 "Spokane"
 STATE_CLOVERLAND:0 "Cloverland"
 STATE_CLAGSTAN:0 "Clagstan"
 STATE_RATHDRUM:0 "Rathdrum"
 STATE_EDGEMERE:0 "Edgemere"
 STATE_POST_FALLS:0 "Post Falls"
 STATE_COER_HILLS:0 "Coer Hills"
 # Oregon
 STATE_HOOD_SETTLEMENTS:0 "Hood Settlements"
 STATE_KINGSLEY:0 "Kingsley"
 STATE_REDMOND:0 "Redmond"
 STATE_PRINEVILLE:0 "Prineville"
 STATE_SERVICE_CREEK:0 "Service Creek"
 STATE_BEAVER_CREEK:0 "Beaver Creek"
 STATE_ANKENY:0 "Ankeny"
 STATE_BRIGHTENBUSH:0 "Brightenbush"
 STATE_BELKNAP_SPRINGS:0 "Belknap Springs"
 STATE_ELKHORN:0 "Elkhorn"
 STATE_FEEDING_GROUNDS:0 "Feeding Grounds"
 STATE_CARCASS_WASTES:0 "Carcass Wastes"
 STATE_THE_WARREN:0 "The Warren"
 STATE_CROWLANDS:0 "Crowlands"
 STATE_CULP_CREEK:0 "Culp Creek"
 STATE_LENEVE:0 "Leneve"
 STATE_ARAGO:0 "Arago"
 STATE_CAMAS_VALLEY:0 "Camas Valley"
 STATE_DIAMOND_PEAK:0 "Diamond Peak"
 STATE_SIXES:0 "Sixes"
 STATE_ARROYO:0 "Arroyo"
 STATE_FREMONT:0 "Fremont"
 STATE_WALOWWA:0 "Walowwa"
 STATE_IMNAHA:0 "Imnaha"
 STATE_MINAM:0 "Minam"
 STATE_GREENHORN:0 "Greenhorn"
 STATE_BEULAH:0 "Beulah"
 STATE_JORDAN_VALLEY:0 "Jordan Valley"
 STATE_CROWSHAVEN:0 "Crowshaven"
 STATE_BURNS_SHIELD:0 "Burns Shield"
 STATE_HART_WASTES:0 "Hart Wastes"
 STATE_STEENS_WATCH:0 "Steens Watch"
 STATE_BLY:0 "Bly"
 STATE_CHEMULT_STATION:0 "Chemult Station"
 STATE_ADEL_BADLANDS:0 "Adel Badlands"
 STATE_FIELDS_POINT:0 "Fields Point"
 STATE_ROMEMARCH:0 "Romemarch"
 STATE_BEND_RALLEY:0 "Bend Ralley"
 STATE_BROKEN_TOP:0 "Broken Top"
 STATE_CAMP_SHERMAN:0 "Camp Sherman"
 STATE_LA_PINE:0 "La Pine"
 STATE_ANTELOPE_RESERVATION:0 "Antelope Reservation"
 STATE_DENIO:0 "Denio"
 STATE_SILVIES:0 "Silvies"
 # Idaho
 STATE_NEW_THEBES:0 "New Thebes"
 STATE_MERIDIAN:0 "Meridian"
 STATE_MEADOWOPOLIS:0 "Meadowopolis"
 STATE_SETH_RANGE:0 "Seth Range"
 STATE_DEHNEH:0 "Dehneh"
 STATE_STAGLEAP:0 "Stagleap"
 STATE_NORDMAAN:0 "Nordmann"
 STATE_TALACHE:0 "Talache"
 STATE_GRANITE_BARSCH:0 "Granite Barsch"
 STATE_VERLORENE_SPUR:0 "Verlorene Spur"
 STATE_KALISCHPEEL:0 "Kalischpeel"
 STATE_HANH:0 "Hanh"
 STATE_DIETRICH:0 "Dietrich"
 STATE_HAGERMANN:0 "Hagermann"
 STATE_BLAINE:0 "Blaine"
 STATE_FERDINAND:0 "Ferdinand"
 STATE_WEIPPE:0 "Weippe"
 STATE_BURGDORF:0 "Burgdorf"
 STATE_SCHWARZSCHWANZ:0 "Schwarzschwans"